date,url
2019-01-16T21:06:54Z,https://storage.googleapis.com/openag-v1-images/EDU-30A77B2D-f4-5e-ab-64-50-92_Camera-Top_2019-01-16T21%3A06%3A54Z.png
2019-01-17T13:07:17Z,https://storage.googleapis.com/openag-v1-images/EDU-30A77B2D-f4-5e-ab-64-50-92_Camera-Top_2019-01-17T13%3A07%3A17Z.png
2019-01-17T14:07:27Z,https://storage.googleapis.com/openag-v1-images/EDU-30A77B2D-f4-5e-ab-64-50-92_Camera-Top_2019-01-17T14%3A07%3A27Z.png
2019-01-17T15:07:24Z,https://storage.googleapis.com/openag-v1-images/EDU-30A77B2D-f4-5e-ab-64-50-92_Camera-Top_2019-01-17T15%3A07%3A24Z.png
2019-01-17T16:07:30Z,https://storage.googleapis.com/openag-v1-images/EDU-30A77B2D-f4-5e-ab-64-50-92_Camera-Top_2019-01-17T16%3A07%3A30Z.png
2019-01-17T17:07:41Z,https://storage.googleapis.com/openag-v1-images/EDU-30A77B2D-f4-5e-ab-64-50-92_Camera-Top_2019-01-17T17%3A07%3A41Z.png
2019-01-17T18:02:42Z,https://storage.googleapis.com/openag-v1-images/EDU-30A77B2D-f4-5e-ab-64-50-92_Camera-Top_2019-01-17T18%3A02%3A42Z.png
2019-01-17T19:02:55Z,https://storage.googleapis.com/openag-v1-images/EDU-30A77B2D-f4-5e-ab-64-50-92_Camera-Top_2019-01-17T19%3A02%3A55Z.png
2019-01-17T21:07:11Z,https://storage.googleapis.com/openag-v1-images/EDU-30A77B2D-f4-5e-ab-64-50-92_Camera-Top_2019-01-17T21%3A07%3A11Z.png
2019-01-17T22:07:08Z,https://storage.googleapis.com/openag-v1-images/EDU-30A77B2D-f4-5e-ab-64-50-92_Camera-Top_2019-01-17T22%3A07%3A08Z.png
2019-01-17T23:07:06Z,https://storage.googleapis.com/openag-v1-images/EDU-30A77B2D-f4-5e-ab-64-50-92_Camera-Top_2019-01-17T23%3A07%3A06Z.png
2019-01-18T00:07:16Z,https://storage.googleapis.com/openag-v1-images/EDU-30A77B2D-f4-5e-ab-64-50-92_Camera-Top_2019-01-18T00%3A07%3A16Z.png
2019-01-18T01:07:27Z,https://storage.googleapis.com/openag-v1-images/EDU-30A77B2D-f4-5e-ab-64-50-92_Camera-Top_2019-01-18T01%3A07%3A27Z.png
2019-01-18T02:07:30Z,https://storage.googleapis.com/openag-v1-images/EDU-30A77B2D-f4-5e-ab-64-50-92_Camera-Top_2019-01-18T02%3A07%3A30Z.png
2019-01-18T03:02:36Z,https://storage.googleapis.com/openag-v1-images/EDU-30A77B2D-f4-5e-ab-64-50-92_Camera-Top_2019-01-18T03%3A02%3A36Z.png
2019-01-18T04:02:50Z,https://storage.googleapis.com/openag-v1-images/EDU-30A77B2D-f4-5e-ab-64-50-92_Camera-Top_2019-01-18T04%3A02%3A50Z.png
2019-01-18T05:02:48Z,https://storage.googleapis.com/openag-v1-images/EDU-30A77B2D-f4-5e-ab-64-50-92_Camera-Top_2019-01-18T05%3A02%3A48Z.png
2019-01-18T06:02:50Z,https://storage.googleapis.com/openag-v1-images/EDU-30A77B2D-f4-5e-ab-64-50-92_Camera-Top_2019-01-18T06%3A02%3A50Z.png
2019-01-18T07:02:54Z,https://storage.googleapis.com/openag-v1-images/EDU-30A77B2D-f4-5e-ab-64-50-92_Camera-Top_2019-01-18T07%3A02%3A54Z.png
2019-01-18T08:03:00Z,https://storage.googleapis.com/openag-v1-images/EDU-30A77B2D-f4-5e-ab-64-50-92_Camera-Top_2019-01-18T08%3A03%3A00Z.png
2019-01-18T09:03:09Z,https://storage.googleapis.com/openag-v1-images/EDU-30A77B2D-f4-5e-ab-64-50-92_Camera-Top_2019-01-18T09%3A03%3A09Z.png
2019-01-18T21:07:03Z,https://storage.googleapis.com/openag-v1-images/EDU-30A77B2D-f4-5e-ab-64-50-92_Camera-Top_2019-01-18T21%3A07%3A03Z.png
2019-01-18T22:07:15Z,https://storage.googleapis.com/openag-v1-images/EDU-30A77B2D-f4-5e-ab-64-50-92_Camera-Top_2019-01-18T22%3A07%3A15Z.png
2019-01-18T23:07:20Z,https://storage.googleapis.com/openag-v1-images/EDU-30A77B2D-f4-5e-ab-64-50-92_Camera-Top_2019-01-18T23%3A07%3A20Z.png
2019-01-19T00:07:29Z,https://storage.googleapis.com/openag-v1-images/EDU-30A77B2D-f4-5e-ab-64-50-92_Camera-Top_2019-01-19T00%3A07%3A29Z.png
2019-01-19T02:07:26Z,https://storage.googleapis.com/openag-v1-images/EDU-30A77B2D-f4-5e-ab-64-50-92_Camera-Top_2019-01-19T02%3A07%3A26Z.png
2019-01-19T03:07:31Z,https://storage.googleapis.com/openag-v1-images/EDU-30A77B2D-f4-5e-ab-64-50-92_Camera-Top_2019-01-19T03%3A07%3A31Z.png
2019-01-19T04:02:39Z,https://storage.googleapis.com/openag-v1-images/EDU-30A77B2D-f4-5e-ab-64-50-92_Camera-Top_2019-01-19T04%3A02%3A39Z.png
2019-01-19T05:02:48Z,https://storage.googleapis.com/openag-v1-images/EDU-30A77B2D-f4-5e-ab-64-50-92_Camera-Top_2019-01-19T05%3A02%3A48Z.png
2019-01-19T06:02:53Z,https://storage.googleapis.com/openag-v1-images/EDU-30A77B2D-f4-5e-ab-64-50-92_Camera-Top_2019-01-19T06%3A02%3A53Z.png
2019-01-19T21:07:00Z,https://storage.googleapis.com/openag-v1-images/EDU-30A77B2D-f4-5e-ab-64-50-92_Camera-Top_2019-01-19T21%3A07%3A00Z.png
2019-01-19T22:07:13Z,https://storage.googleapis.com/openag-v1-images/EDU-30A77B2D-f4-5e-ab-64-50-92_Camera-Top_2019-01-19T22%3A07%3A13Z.png
2019-01-19T23:07:17Z,https://storage.googleapis.com/openag-v1-images/EDU-30A77B2D-f4-5e-ab-64-50-92_Camera-Top_2019-01-19T23%3A07%3A17Z.png
2019-01-20T00:07:28Z,https://storage.googleapis.com/openag-v1-images/EDU-30A77B2D-f4-5e-ab-64-50-92_Camera-Top_2019-01-20T00%3A07%3A28Z.png
2019-01-20T01:07:33Z,https://storage.googleapis.com/openag-v1-images/EDU-30A77B2D-f4-5e-ab-64-50-92_Camera-Top_2019-01-20T01%3A07%3A33Z.png
2019-01-20T02:07:37Z,https://storage.googleapis.com/openag-v1-images/EDU-30A77B2D-f4-5e-ab-64-50-92_Camera-Top_2019-01-20T02%3A07%3A37Z.png
2019-01-20T03:02:42Z,https://storage.googleapis.com/openag-v1-images/EDU-30A77B2D-f4-5e-ab-64-50-92_Camera-Top_2019-01-20T03%3A02%3A42Z.png
2019-01-20T04:02:46Z,https://storage.googleapis.com/openag-v1-images/EDU-30A77B2D-f4-5e-ab-64-50-92_Camera-Top_2019-01-20T04%3A02%3A46Z.png
2019-01-20T05:03:00Z,https://storage.googleapis.com/openag-v1-images/EDU-30A77B2D-f4-5e-ab-64-50-92_Camera-Top_2019-01-20T05%3A03%3A00Z.png
2019-01-20T06:02:57Z,https://storage.googleapis.com/openag-v1-images/EDU-30A77B2D-f4-5e-ab-64-50-92_Camera-Top_2019-01-20T06%3A02%3A57Z.png
2019-01-20T14:07:15Z,https://storage.googleapis.com/openag-v1-images/EDU-30A77B2D-f4-5e-ab-64-50-92_Camera-Top_2019-01-20T14%3A07%3A15Z.png
2019-01-20T15:07:33Z,https://storage.googleapis.com/openag-v1-images/EDU-30A77B2D-f4-5e-ab-64-50-92_Camera-Top_2019-01-20T15%3A07%3A33Z.png
2019-01-20T16:07:38Z,https://storage.googleapis.com/openag-v1-images/EDU-30A77B2D-f4-5e-ab-64-50-92_Camera-Top_2019-01-20T16%3A07%3A38Z.png
2019-01-20T17:02:42Z,https://storage.googleapis.com/openag-v1-images/EDU-30A77B2D-f4-5e-ab-64-50-92_Camera-Top_2019-01-20T17%3A02%3A42Z.png
2019-01-20T18:02:45Z,https://storage.googleapis.com/openag-v1-images/EDU-30A77B2D-f4-5e-ab-64-50-92_Camera-Top_2019-01-20T18%3A02%3A45Z.png
2019-01-20T19:02:59Z,https://storage.googleapis.com/openag-v1-images/EDU-30A77B2D-f4-5e-ab-64-50-92_Camera-Top_2019-01-20T19%3A02%3A59Z.png
2019-01-20T21:07:04Z,https://storage.googleapis.com/openag-v1-images/EDU-30A77B2D-f4-5e-ab-64-50-92_Camera-Top_2019-01-20T21%3A07%3A04Z.png
2019-01-20T22:07:03Z,https://storage.googleapis.com/openag-v1-images/EDU-30A77B2D-f4-5e-ab-64-50-92_Camera-Top_2019-01-20T22%3A07%3A03Z.png
2019-01-20T23:07:24Z,https://storage.googleapis.com/openag-v1-images/EDU-30A77B2D-f4-5e-ab-64-50-92_Camera-Top_2019-01-20T23%3A07%3A24Z.png
2019-01-21T00:07:21Z,https://storage.googleapis.com/openag-v1-images/EDU-30A77B2D-f4-5e-ab-64-50-92_Camera-Top_2019-01-21T00%3A07%3A21Z.png
2019-01-21T01:07:30Z,https://storage.googleapis.com/openag-v1-images/EDU-30A77B2D-f4-5e-ab-64-50-92_Camera-Top_2019-01-21T01%3A07%3A30Z.png
2019-01-21T03:02:43Z,https://storage.googleapis.com/openag-v1-images/EDU-30A77B2D-f4-5e-ab-64-50-92_Camera-Top_2019-01-21T03%3A02%3A43Z.png
2019-01-21T04:02:49Z,https://storage.googleapis.com/openag-v1-images/EDU-30A77B2D-f4-5e-ab-64-50-92_Camera-Top_2019-01-21T04%3A02%3A49Z.png
2019-01-21T05:03:00Z,https://storage.googleapis.com/openag-v1-images/EDU-30A77B2D-f4-5e-ab-64-50-92_Camera-Top_2019-01-21T05%3A03%3A00Z.png
2019-01-21T06:03:00Z,https://storage.googleapis.com/openag-v1-images/EDU-30A77B2D-f4-5e-ab-64-50-92_Camera-Top_2019-01-21T06%3A03%3A00Z.png
2019-01-21T13:07:08Z,https://storage.googleapis.com/openag-v1-images/EDU-30A77B2D-f4-5e-ab-64-50-92_Camera-Top_2019-01-21T13%3A07%3A08Z.png
2019-01-21T14:07:17Z,https://storage.googleapis.com/openag-v1-images/EDU-30A77B2D-f4-5e-ab-64-50-92_Camera-Top_2019-01-21T14%3A07%3A17Z.png
2019-01-21T15:07:37Z,https://storage.googleapis.com/openag-v1-images/EDU-30A77B2D-f4-5e-ab-64-50-92_Camera-Top_2019-01-21T15%3A07%3A37Z.png
2019-01-21T16:07:32Z,https://storage.googleapis.com/openag-v1-images/EDU-30A77B2D-f4-5e-ab-64-50-92_Camera-Top_2019-01-21T16%3A07%3A32Z.png
2019-01-21T17:07:36Z,https://storage.googleapis.com/openag-v1-images/EDU-30A77B2D-f4-5e-ab-64-50-92_Camera-Top_2019-01-21T17%3A07%3A36Z.png
2019-01-21T18:02:43Z,https://storage.googleapis.com/openag-v1-images/EDU-30A77B2D-f4-5e-ab-64-50-92_Camera-Top_2019-01-21T18%3A02%3A43Z.png
2019-01-21T19:02:45Z,https://storage.googleapis.com/openag-v1-images/EDU-30A77B2D-f4-5e-ab-64-50-92_Camera-Top_2019-01-21T19%3A02%3A45Z.png
2019-01-21T21:07:10Z,https://storage.googleapis.com/openag-v1-images/EDU-30A77B2D-f4-5e-ab-64-50-92_Camera-Top_2019-01-21T21%3A07%3A10Z.png
2019-01-22T12:06:55Z,https://storage.googleapis.com/openag-v1-images/EDU-30A77B2D-f4-5e-ab-64-50-92_Camera-Top_2019-01-22T12%3A06%3A55Z.png
2019-01-22T12:06:55Z,https://storage.googleapis.com/openag-v1-images/EDU-30A77B2D-f4-5e-ab-64-50-92_Camera-Top_2019-01-22T12%3A06%3A55Z.png
2019-01-22T13:07:07Z,https://storage.googleapis.com/openag-v1-images/EDU-30A77B2D-f4-5e-ab-64-50-92_Camera-Top_2019-01-22T13%3A07%3A07Z.png
2019-01-22T14:07:04Z,https://storage.googleapis.com/openag-v1-images/EDU-30A77B2D-f4-5e-ab-64-50-92_Camera-Top_2019-01-22T14%3A07%3A04Z.png
2019-01-22T15:07:09Z,https://storage.googleapis.com/openag-v1-images/EDU-30A77B2D-f4-5e-ab-64-50-92_Camera-Top_2019-01-22T15%3A07%3A09Z.png
2019-01-22T16:07:18Z,https://storage.googleapis.com/openag-v1-images/EDU-30A77B2D-f4-5e-ab-64-50-92_Camera-Top_2019-01-22T16%3A07%3A18Z.png
2019-01-22T17:07:32Z,https://storage.googleapis.com/openag-v1-images/EDU-30A77B2D-f4-5e-ab-64-50-92_Camera-Top_2019-01-22T17%3A07%3A32Z.png
2019-01-22T18:07:38Z,https://storage.googleapis.com/openag-v1-images/EDU-30A77B2D-f4-5e-ab-64-50-92_Camera-Top_2019-01-22T18%3A07%3A38Z.png
2019-01-22T19:02:43Z,https://storage.googleapis.com/openag-v1-images/EDU-30A77B2D-f4-5e-ab-64-50-92_Camera-Top_2019-01-22T19%3A02%3A43Z.png
2019-01-22T21:07:05Z,https://storage.googleapis.com/openag-v1-images/EDU-30A77B2D-f4-5e-ab-64-50-92_Camera-Top_2019-01-22T21%3A07%3A05Z.png
2019-01-22T23:07:13Z,https://storage.googleapis.com/openag-v1-images/EDU-30A77B2D-f4-5e-ab-64-50-92_Camera-Top_2019-01-22T23%3A07%3A13Z.png
2019-01-23T00:07:20Z,https://storage.googleapis.com/openag-v1-images/EDU-30A77B2D-f4-5e-ab-64-50-92_Camera-Top_2019-01-23T00%3A07%3A20Z.png
2019-01-23T00:07:20Z,https://storage.googleapis.com/openag-v1-images/EDU-30A77B2D-f4-5e-ab-64-50-92_Camera-Top_2019-01-23T00%3A07%3A20Z.png
2019-01-23T01:07:27Z,https://storage.googleapis.com/openag-v1-images/EDU-30A77B2D-f4-5e-ab-64-50-92_Camera-Top_2019-01-23T01%3A07%3A27Z.png
2019-01-23T03:07:30Z,https://storage.googleapis.com/openag-v1-images/EDU-30A77B2D-f4-5e-ab-64-50-92_Camera-Top_2019-01-23T03%3A07%3A30Z.png
2019-01-23T04:02:42Z,https://storage.googleapis.com/openag-v1-images/EDU-30A77B2D-f4-5e-ab-64-50-92_Camera-Top_2019-01-23T04%3A02%3A42Z.png
2019-01-23T05:02:51Z,https://storage.googleapis.com/openag-v1-images/EDU-30A77B2D-f4-5e-ab-64-50-92_Camera-Top_2019-01-23T05%3A02%3A51Z.png
2019-01-23T06:02:59Z,https://storage.googleapis.com/openag-v1-images/EDU-30A77B2D-f4-5e-ab-64-50-92_Camera-Top_2019-01-23T06%3A02%3A59Z.png
2019-01-23T07:03:02Z,https://storage.googleapis.com/openag-v1-images/EDU-30A77B2D-f4-5e-ab-64-50-92_Camera-Top_2019-01-23T07%3A03%3A02Z.png
2019-01-23T08:03:04Z,https://storage.googleapis.com/openag-v1-images/EDU-30A77B2D-f4-5e-ab-64-50-92_Camera-Top_2019-01-23T08%3A03%3A04Z.png
2019-01-23T09:03:14Z,https://storage.googleapis.com/openag-v1-images/EDU-30A77B2D-f4-5e-ab-64-50-92_Camera-Top_2019-01-23T09%3A03%3A14Z.png
2019-01-23T11:07:00Z,https://storage.googleapis.com/openag-v1-images/EDU-30A77B2D-f4-5e-ab-64-50-92_Camera-Top_2019-01-23T11%3A07%3A00Z.png
2019-01-23T12:07:11Z,https://storage.googleapis.com/openag-v1-images/EDU-30A77B2D-f4-5e-ab-64-50-92_Camera-Top_2019-01-23T12%3A07%3A11Z.png
2019-01-23T13:07:15Z,https://storage.googleapis.com/openag-v1-images/EDU-30A77B2D-f4-5e-ab-64-50-92_Camera-Top_2019-01-23T13%3A07%3A15Z.png
2019-01-23T14:07:20Z,https://storage.googleapis.com/openag-v1-images/EDU-30A77B2D-f4-5e-ab-64-50-92_Camera-Top_2019-01-23T14%3A07%3A20Z.png
2019-01-23T15:07:35Z,https://storage.googleapis.com/openag-v1-images/EDU-30A77B2D-f4-5e-ab-64-50-92_Camera-Top_2019-01-23T15%3A07%3A35Z.png
2019-01-23T16:07:35Z,https://storage.googleapis.com/openag-v1-images/EDU-30A77B2D-f4-5e-ab-64-50-92_Camera-Top_2019-01-23T16%3A07%3A35Z.png
2019-01-23T17:07:39Z,https://storage.googleapis.com/openag-v1-images/EDU-30A77B2D-f4-5e-ab-64-50-92_Camera-Top_2019-01-23T17%3A07%3A39Z.png
2019-01-23T18:07:48Z,https://storage.googleapis.com/openag-v1-images/EDU-30A77B2D-f4-5e-ab-64-50-92_Camera-Top_2019-01-23T18%3A07%3A48Z.png
2019-01-23T19:02:49Z,https://storage.googleapis.com/openag-v1-images/EDU-30A77B2D-f4-5e-ab-64-50-92_Camera-Top_2019-01-23T19%3A02%3A49Z.png
2019-01-23T21:07:03Z,https://storage.googleapis.com/openag-v1-images/EDU-30A77B2D-f4-5e-ab-64-50-92_Camera-Top_2019-01-23T21%3A07%3A03Z.png
2019-01-23T22:07:09Z,https://storage.googleapis.com/openag-v1-images/EDU-30A77B2D-f4-5e-ab-64-50-92_Camera-Top_2019-01-23T22%3A07%3A09Z.png
2019-01-23T23:07:17Z,https://storage.googleapis.com/openag-v1-images/EDU-30A77B2D-f4-5e-ab-64-50-92_Camera-Top_2019-01-23T23%3A07%3A17Z.png
2019-01-24T00:07:26Z,https://storage.googleapis.com/openag-v1-images/EDU-30A77B2D-f4-5e-ab-64-50-92_Camera-Top_2019-01-24T00%3A07%3A26Z.png
2019-01-24T01:07:30Z,https://storage.googleapis.com/openag-v1-images/EDU-30A77B2D-f4-5e-ab-64-50-92_Camera-Top_2019-01-24T01%3A07%3A30Z.png
2019-01-24T02:07:32Z,https://storage.googleapis.com/openag-v1-images/EDU-30A77B2D-f4-5e-ab-64-50-92_Camera-Top_2019-01-24T02%3A07%3A32Z.png
2019-01-24T03:07:38Z,https://storage.googleapis.com/openag-v1-images/EDU-30A77B2D-f4-5e-ab-64-50-92_Camera-Top_2019-01-24T03%3A07%3A38Z.png
2019-01-24T04:02:49Z,https://storage.googleapis.com/openag-v1-images/EDU-30A77B2D-f4-5e-ab-64-50-92_Camera-Top_2019-01-24T04%3A02%3A49Z.png
2019-01-24T05:02:53Z,https://storage.googleapis.com/openag-v1-images/EDU-30A77B2D-f4-5e-ab-64-50-92_Camera-Top_2019-01-24T05%3A02%3A53Z.png
2019-01-24T06:02:56Z,https://storage.googleapis.com/openag-v1-images/EDU-30A77B2D-f4-5e-ab-64-50-92_Camera-Top_2019-01-24T06%3A02%3A56Z.png
2019-01-24T13:07:08Z,https://storage.googleapis.com/openag-v1-images/EDU-30A77B2D-f4-5e-ab-64-50-92_Camera-Top_2019-01-24T13%3A07%3A08Z.png
2019-01-24T14:07:19Z,https://storage.googleapis.com/openag-v1-images/EDU-30A77B2D-f4-5e-ab-64-50-92_Camera-Top_2019-01-24T14%3A07%3A19Z.png
2019-01-24T15:07:24Z,https://storage.googleapis.com/openag-v1-images/EDU-30A77B2D-f4-5e-ab-64-50-92_Camera-Top_2019-01-24T15%3A07%3A24Z.png
2019-01-24T16:07:42Z,https://storage.googleapis.com/openag-v1-images/EDU-30A77B2D-f4-5e-ab-64-50-92_Camera-Top_2019-01-24T16%3A07%3A42Z.png
2019-01-24T17:07:49Z,https://storage.googleapis.com/openag-v1-images/EDU-30A77B2D-f4-5e-ab-64-50-92_Camera-Top_2019-01-24T17%3A07%3A49Z.png
2019-01-24T18:02:59Z,https://storage.googleapis.com/openag-v1-images/EDU-30A77B2D-f4-5e-ab-64-50-92_Camera-Top_2019-01-24T18%3A02%3A59Z.png
2019-01-24T19:02:51Z,https://storage.googleapis.com/openag-v1-images/EDU-30A77B2D-f4-5e-ab-64-50-92_Camera-Top_2019-01-24T19%3A02%3A51Z.png
2019-01-24T22:07:18Z,https://storage.googleapis.com/openag-v1-images/EDU-30A77B2D-f4-5e-ab-64-50-92_Camera-Top_2019-01-24T22%3A07%3A18Z.png
2019-01-24T23:07:25Z,https://storage.googleapis.com/openag-v1-images/EDU-30A77B2D-f4-5e-ab-64-50-92_Camera-Top_2019-01-24T23%3A07%3A25Z.png
2019-01-25T01:07:26Z,https://storage.googleapis.com/openag-v1-images/EDU-30A77B2D-f4-5e-ab-64-50-92_Camera-Top_2019-01-25T01%3A07%3A26Z.png
2019-01-25T02:07:28Z,https://storage.googleapis.com/openag-v1-images/EDU-30A77B2D-f4-5e-ab-64-50-92_Camera-Top_2019-01-25T02%3A07%3A28Z.png
2019-01-25T03:07:36Z,https://storage.googleapis.com/openag-v1-images/EDU-30A77B2D-f4-5e-ab-64-50-92_Camera-Top_2019-01-25T03%3A07%3A36Z.png
2019-01-25T04:02:44Z,https://storage.googleapis.com/openag-v1-images/EDU-30A77B2D-f4-5e-ab-64-50-92_Camera-Top_2019-01-25T04%3A02%3A44Z.png
2019-01-25T05:02:47Z,https://storage.googleapis.com/openag-v1-images/EDU-30A77B2D-f4-5e-ab-64-50-92_Camera-Top_2019-01-25T05%3A02%3A47Z.png
2019-01-25T06:02:54Z,https://storage.googleapis.com/openag-v1-images/EDU-30A77B2D-f4-5e-ab-64-50-92_Camera-Top_2019-01-25T06%3A02%3A54Z.png
2019-01-25T22:07:18Z,https://storage.googleapis.com/openag-v1-images/EDU-30A77B2D-f4-5e-ab-64-50-92_Camera-Top_2019-01-25T22%3A07%3A18Z.png
2019-01-25T23:07:21Z,https://storage.googleapis.com/openag-v1-images/EDU-30A77B2D-f4-5e-ab-64-50-92_Camera-Top_2019-01-25T23%3A07%3A21Z.png
2019-01-26T00:07:28Z,https://storage.googleapis.com/openag-v1-images/EDU-30A77B2D-f4-5e-ab-64-50-92_Camera-Top_2019-01-26T00%3A07%3A28Z.png
2019-01-26T01:07:29Z,https://storage.googleapis.com/openag-v1-images/EDU-30A77B2D-f4-5e-ab-64-50-92_Camera-Top_2019-01-26T01%3A07%3A29Z.png
2019-01-26T02:07:33Z,https://storage.googleapis.com/openag-v1-images/EDU-30A77B2D-f4-5e-ab-64-50-92_Camera-Top_2019-01-26T02%3A07%3A33Z.png
2019-01-26T03:07:33Z,https://storage.googleapis.com/openag-v1-images/EDU-30A77B2D-f4-5e-ab-64-50-92_Camera-Top_2019-01-26T03%3A07%3A33Z.png
2019-01-26T04:07:42Z,https://storage.googleapis.com/openag-v1-images/EDU-30A77B2D-f4-5e-ab-64-50-92_Camera-Top_2019-01-26T04%3A07%3A42Z.png
2019-01-26T05:02:57Z,https://storage.googleapis.com/openag-v1-images/EDU-30A77B2D-f4-5e-ab-64-50-92_Camera-Top_2019-01-26T05%3A02%3A57Z.png
2019-01-26T06:02:57Z,https://storage.googleapis.com/openag-v1-images/EDU-30A77B2D-f4-5e-ab-64-50-92_Camera-Top_2019-01-26T06%3A02%3A57Z.png
2019-01-26T13:07:15Z,https://storage.googleapis.com/openag-v1-images/EDU-30A77B2D-f4-5e-ab-64-50-92_Camera-Top_2019-01-26T13%3A07%3A15Z.png
2019-01-26T13:07:15Z,https://storage.googleapis.com/openag-v1-images/EDU-30A77B2D-f4-5e-ab-64-50-92_Camera-Top_2019-01-26T13%3A07%3A15Z.png
2019-01-26T14:07:27Z,https://storage.googleapis.com/openag-v1-images/EDU-30A77B2D-f4-5e-ab-64-50-92_Camera-Top_2019-01-26T14%3A07%3A27Z.png
2019-01-26T15:07:31Z,https://storage.googleapis.com/openag-v1-images/EDU-30A77B2D-f4-5e-ab-64-50-92_Camera-Top_2019-01-26T15%3A07%3A31Z.png
2019-01-26T16:07:37Z,https://storage.googleapis.com/openag-v1-images/EDU-30A77B2D-f4-5e-ab-64-50-92_Camera-Top_2019-01-26T16%3A07%3A37Z.png
2019-01-26T17:02:43Z,https://storage.googleapis.com/openag-v1-images/EDU-30A77B2D-f4-5e-ab-64-50-92_Camera-Top_2019-01-26T17%3A02%3A43Z.png
2019-01-26T18:02:50Z,https://storage.googleapis.com/openag-v1-images/EDU-30A77B2D-f4-5e-ab-64-50-92_Camera-Top_2019-01-26T18%3A02%3A50Z.png
2019-01-26T19:02:56Z,https://storage.googleapis.com/openag-v1-images/EDU-30A77B2D-f4-5e-ab-64-50-92_Camera-Top_2019-01-26T19%3A02%3A56Z.png
2019-01-26T21:07:00Z,https://storage.googleapis.com/openag-v1-images/EDU-30A77B2D-f4-5e-ab-64-50-92_Camera-Top_2019-01-26T21%3A07%3A00Z.png
2019-01-26T22:07:08Z,https://storage.googleapis.com/openag-v1-images/EDU-30A77B2D-f4-5e-ab-64-50-92_Camera-Top_2019-01-26T22%3A07%3A08Z.png
2019-01-26T23:07:14Z,https://storage.googleapis.com/openag-v1-images/EDU-30A77B2D-f4-5e-ab-64-50-92_Camera-Top_2019-01-26T23%3A07%3A14Z.png
2019-01-27T00:07:25Z,https://storage.googleapis.com/openag-v1-images/EDU-30A77B2D-f4-5e-ab-64-50-92_Camera-Top_2019-01-27T00%3A07%3A25Z.png
2019-01-27T01:07:28Z,https://storage.googleapis.com/openag-v1-images/EDU-30A77B2D-f4-5e-ab-64-50-92_Camera-Top_2019-01-27T01%3A07%3A28Z.png
2019-01-27T02:07:38Z,https://storage.googleapis.com/openag-v1-images/EDU-30A77B2D-f4-5e-ab-64-50-92_Camera-Top_2019-01-27T02%3A07%3A38Z.png
2019-01-27T03:07:46Z,https://storage.googleapis.com/openag-v1-images/EDU-30A77B2D-f4-5e-ab-64-50-92_Camera-Top_2019-01-27T03%3A07%3A46Z.png
2019-01-27T03:07:46Z,https://storage.googleapis.com/openag-v1-images/EDU-30A77B2D-f4-5e-ab-64-50-92_Camera-Top_2019-01-27T03%3A07%3A46Z.png
2019-01-27T04:02:48Z,https://storage.googleapis.com/openag-v1-images/EDU-30A77B2D-f4-5e-ab-64-50-92_Camera-Top_2019-01-27T04%3A02%3A48Z.png
2019-01-27T05:02:54Z,https://storage.googleapis.com/openag-v1-images/EDU-30A77B2D-f4-5e-ab-64-50-92_Camera-Top_2019-01-27T05%3A02%3A54Z.png
2019-01-27T06:02:58Z,https://storage.googleapis.com/openag-v1-images/EDU-30A77B2D-f4-5e-ab-64-50-92_Camera-Top_2019-01-27T06%3A02%3A58Z.png
2019-01-27T13:07:08Z,https://storage.googleapis.com/openag-v1-images/EDU-30A77B2D-f4-5e-ab-64-50-92_Camera-Top_2019-01-27T13%3A07%3A08Z.png
2019-01-27T14:07:10Z,https://storage.googleapis.com/openag-v1-images/EDU-30A77B2D-f4-5e-ab-64-50-92_Camera-Top_2019-01-27T14%3A07%3A10Z.png
2019-01-27T15:07:20Z,https://storage.googleapis.com/openag-v1-images/EDU-30A77B2D-f4-5e-ab-64-50-92_Camera-Top_2019-01-27T15%3A07%3A20Z.png
2019-01-27T16:07:30Z,https://storage.googleapis.com/openag-v1-images/EDU-30A77B2D-f4-5e-ab-64-50-92_Camera-Top_2019-01-27T16%3A07%3A30Z.png
2019-01-27T17:07:32Z,https://storage.googleapis.com/openag-v1-images/EDU-30A77B2D-f4-5e-ab-64-50-92_Camera-Top_2019-01-27T17%3A07%3A32Z.png
2019-01-27T19:07:39Z,https://storage.googleapis.com/openag-v1-images/EDU-30A77B2D-f4-5e-ab-64-50-92_Camera-Top_2019-01-27T19%3A07%3A39Z.png
2019-01-27T21:07:07Z,https://storage.googleapis.com/openag-v1-images/EDU-30A77B2D-f4-5e-ab-64-50-92_Camera-Top_2019-01-27T21%3A07%3A07Z.png
2019-01-27T22:07:17Z,https://storage.googleapis.com/openag-v1-images/EDU-30A77B2D-f4-5e-ab-64-50-92_Camera-Top_2019-01-27T22%3A07%3A17Z.png
2019-01-27T23:07:15Z,https://storage.googleapis.com/openag-v1-images/EDU-30A77B2D-f4-5e-ab-64-50-92_Camera-Top_2019-01-27T23%3A07%3A15Z.png
2019-01-28T00:07:26Z,https://storage.googleapis.com/openag-v1-images/EDU-30A77B2D-f4-5e-ab-64-50-92_Camera-Top_2019-01-28T00%3A07%3A26Z.png
2019-01-28T01:07:26Z,https://storage.googleapis.com/openag-v1-images/EDU-30A77B2D-f4-5e-ab-64-50-92_Camera-Top_2019-01-28T01%3A07%3A26Z.png
2019-01-28T03:07:43Z,https://storage.googleapis.com/openag-v1-images/EDU-30A77B2D-f4-5e-ab-64-50-92_Camera-Top_2019-01-28T03%3A07%3A43Z.png
2019-01-28T04:07:48Z,https://storage.googleapis.com/openag-v1-images/EDU-30A77B2D-f4-5e-ab-64-50-92_Camera-Top_2019-01-28T04%3A07%3A48Z.png
2019-01-28T05:07:47Z,https://storage.googleapis.com/openag-v1-images/EDU-30A77B2D-f4-5e-ab-64-50-92_Camera-Top_2019-01-28T05%3A07%3A47Z.png
2019-01-28T10:02:17Z,https://storage.googleapis.com/openag-v1-images/EDU-30A77B2D-f4-5e-ab-64-50-92_Camera-Top_2019-01-28T10%3A02%3A17Z.png
2019-01-28T11:07:19Z,https://storage.googleapis.com/openag-v1-images/EDU-30A77B2D-f4-5e-ab-64-50-92_Camera-Top_2019-01-28T11%3A07%3A19Z.png
2019-01-28T12:07:21Z,https://storage.googleapis.com/openag-v1-images/EDU-30A77B2D-f4-5e-ab-64-50-92_Camera-Top_2019-01-28T12%3A07%3A21Z.png
2019-01-28T14:07:28Z,https://storage.googleapis.com/openag-v1-images/EDU-30A77B2D-f4-5e-ab-64-50-92_Camera-Top_2019-01-28T14%3A07%3A28Z.png
2019-01-28T15:07:32Z,https://storage.googleapis.com/openag-v1-images/EDU-30A77B2D-f4-5e-ab-64-50-92_Camera-Top_2019-01-28T15%3A07%3A32Z.png
2019-01-28T16:07:32Z,https://storage.googleapis.com/openag-v1-images/EDU-30A77B2D-f4-5e-ab-64-50-92_Camera-Top_2019-01-28T16%3A07%3A32Z.png
2019-01-28T17:07:43Z,https://storage.googleapis.com/openag-v1-images/EDU-30A77B2D-f4-5e-ab-64-50-92_Camera-Top_2019-01-28T17%3A07%3A43Z.png
2019-01-28T19:02:54Z,https://storage.googleapis.com/openag-v1-images/EDU-30A77B2D-f4-5e-ab-64-50-92_Camera-Top_2019-01-28T19%3A02%3A54Z.png
2019-01-28T23:07:19Z,https://storage.googleapis.com/openag-v1-images/EDU-30A77B2D-f4-5e-ab-64-50-92_Camera-Top_2019-01-28T23%3A07%3A19Z.png
2019-01-29T00:07:22Z,https://storage.googleapis.com/openag-v1-images/EDU-30A77B2D-f4-5e-ab-64-50-92_Camera-Top_2019-01-29T00%3A07%3A22Z.png
2019-01-29T00:07:22Z,https://storage.googleapis.com/openag-v1-images/EDU-30A77B2D-f4-5e-ab-64-50-92_Camera-Top_2019-01-29T00%3A07%3A22Z.png
2019-01-29T01:07:22Z,https://storage.googleapis.com/openag-v1-images/EDU-30A77B2D-f4-5e-ab-64-50-92_Camera-Top_2019-01-29T01%3A07%3A22Z.png
2019-01-29T02:07:14Z,https://storage.googleapis.com/openag-v1-images/EDU-30A77B2D-f4-5e-ab-64-50-92_Camera-Top_2019-01-29T02%3A07%3A14Z.png
2019-01-29T10:40:17Z,https://storage.googleapis.com/openag-v1-images/EDU-30A77B2D-f4-5e-ab-64-50-92_Camera-Top_2019-01-29T10%3A40%3A17Z.png
2019-01-29T20:02:17Z,https://storage.googleapis.com/openag-v1-images/EDU-30A77B2D-f4-5e-ab-64-50-92_Camera-Top_2019-01-29T20%3A02%3A17Z.png
2019-01-29T20:03:30Z,https://storage.googleapis.com/openag-v1-images/EDU-30A77B2D-f4-5e-ab-64-50-92_Camera-Top_2019-01-29T20%3A03%3A30Z.png
2019-01-29T20:03:31Z,https://storage.googleapis.com/openag-v1-images/EDU-30A77B2D-f4-5e-ab-64-50-92_Camera-Top_2019-01-29T20%3A03%3A31Z.png
2019-01-29T20:03:31Z,https://storage.googleapis.com/openag-v1-images/EDU-30A77B2D-f4-5e-ab-64-50-92_Camera-Top_2019-01-29T20%3A03%3A31Z.png
2019-01-29T20:03:31Z,https://storage.googleapis.com/openag-v1-images/EDU-30A77B2D-f4-5e-ab-64-50-92_Camera-Top_2019-01-29T20%3A03%3A31Z.png
2019-01-29T20:03:31Z,https://storage.googleapis.com/openag-v1-images/EDU-30A77B2D-f4-5e-ab-64-50-92_Camera-Top_2019-01-29T20%3A03%3A31Z.png
2019-01-29T20:03:31Z,https://storage.googleapis.com/openag-v1-images/EDU-30A77B2D-f4-5e-ab-64-50-92_Camera-Top_2019-01-29T20%3A03%3A31Z.png
2019-01-29T21:06:54Z,https://storage.googleapis.com/openag-v1-images/EDU-30A77B2D-f4-5e-ab-64-50-92_Camera-Top_2019-01-29T21%3A06%3A54Z.png
2019-01-29T22:07:00Z,https://storage.googleapis.com/openag-v1-images/EDU-30A77B2D-f4-5e-ab-64-50-92_Camera-Top_2019-01-29T22%3A07%3A00Z.png
2019-01-29T23:07:02Z,https://storage.googleapis.com/openag-v1-images/EDU-30A77B2D-f4-5e-ab-64-50-92_Camera-Top_2019-01-29T23%3A07%3A02Z.png
2019-01-30T00:07:12Z,https://storage.googleapis.com/openag-v1-images/EDU-30A77B2D-f4-5e-ab-64-50-92_Camera-Top_2019-01-30T00%3A07%3A12Z.png
2019-01-30T01:07:13Z,https://storage.googleapis.com/openag-v1-images/EDU-30A77B2D-f4-5e-ab-64-50-92_Camera-Top_2019-01-30T01%3A07%3A13Z.png
2019-01-30T02:07:25Z,https://storage.googleapis.com/openag-v1-images/EDU-30A77B2D-f4-5e-ab-64-50-92_Camera-Top_2019-01-30T02%3A07%3A25Z.png
2019-01-30T03:07:27Z,https://storage.googleapis.com/openag-v1-images/EDU-30A77B2D-f4-5e-ab-64-50-92_Camera-Top_2019-01-30T03%3A07%3A27Z.png
2019-01-30T10:02:07Z,https://storage.googleapis.com/openag-v1-images/EDU-30A77B2D-f4-5e-ab-64-50-92_Camera-Top_2019-01-30T10%3A02%3A07Z.png
2019-01-30T10:02:07Z,https://storage.googleapis.com/openag-v1-images/EDU-30A77B2D-f4-5e-ab-64-50-92_Camera-Top_2019-01-30T10%3A02%3A07Z.png
2019-01-30T11:06:50Z,https://storage.googleapis.com/openag-v1-images/EDU-30A77B2D-f4-5e-ab-64-50-92_Camera-Top_2019-01-30T11%3A06%3A50Z.png
2019-01-30T12:07:01Z,https://storage.googleapis.com/openag-v1-images/EDU-30A77B2D-f4-5e-ab-64-50-92_Camera-Top_2019-01-30T12%3A07%3A01Z.png
2019-01-30T13:07:10Z,https://storage.googleapis.com/openag-v1-images/EDU-30A77B2D-f4-5e-ab-64-50-92_Camera-Top_2019-01-30T13%3A07%3A10Z.png
2019-01-30T14:07:04Z,https://storage.googleapis.com/openag-v1-images/EDU-30A77B2D-f4-5e-ab-64-50-92_Camera-Top_2019-01-30T14%3A07%3A04Z.png
2019-01-30T21:05:15Z,https://storage.googleapis.com/openag-v1-images/EDU-30A77B2D-f4-5e-ab-64-50-92_Camera-Top_2019-01-30T21%3A05%3A15Z.png
2019-01-30T21:05:16Z,https://storage.googleapis.com/openag-v1-images/EDU-30A77B2D-f4-5e-ab-64-50-92_Camera-Top_2019-01-30T21%3A05%3A16Z.png
2019-01-30T22:05:24Z,https://storage.googleapis.com/openag-v1-images/EDU-30A77B2D-f4-5e-ab-64-50-92_Camera-Top_2019-01-30T22%3A05%3A24Z.png
2019-01-30T23:05:30Z,https://storage.googleapis.com/openag-v1-images/EDU-30A77B2D-f4-5e-ab-64-50-92_Camera-Top_2019-01-30T23%3A05%3A30Z.png
2019-01-31T01:05:44Z,https://storage.googleapis.com/openag-v1-images/EDU-30A77B2D-f4-5e-ab-64-50-92_Camera-Top_2019-01-31T01%3A05%3A44Z.png
2019-01-31T02:05:52Z,https://storage.googleapis.com/openag-v1-images/EDU-30A77B2D-f4-5e-ab-64-50-92_Camera-Top_2019-01-31T02%3A05%3A52Z.png
2019-01-31T03:05:57Z,https://storage.googleapis.com/openag-v1-images/EDU-30A77B2D-f4-5e-ab-64-50-92_Camera-Top_2019-01-31T03%3A05%3A57Z.png
2019-01-31T04:06:05Z,https://storage.googleapis.com/openag-v1-images/EDU-30A77B2D-f4-5e-ab-64-50-92_Camera-Top_2019-01-31T04%3A06%3A05Z.png
2019-01-31T05:06:13Z,https://storage.googleapis.com/openag-v1-images/EDU-30A77B2D-f4-5e-ab-64-50-92_Camera-Top_2019-01-31T05%3A06%3A13Z.png
2019-01-31T11:07:06Z,https://storage.googleapis.com/openag-v1-images/EDU-30A77B2D-f4-5e-ab-64-50-92_Camera-Top_2019-01-31T11%3A07%3A06Z.png
2019-01-31T12:07:22Z,https://storage.googleapis.com/openag-v1-images/EDU-30A77B2D-f4-5e-ab-64-50-92_Camera-Top_2019-01-31T12%3A07%3A22Z.png
2019-01-31T13:07:25Z,https://storage.googleapis.com/openag-v1-images/EDU-30A77B2D-f4-5e-ab-64-50-92_Camera-Top_2019-01-31T13%3A07%3A25Z.png
2019-01-31T15:07:36Z,https://storage.googleapis.com/openag-v1-images/EDU-30A77B2D-f4-5e-ab-64-50-92_Camera-Top_2019-01-31T15%3A07%3A36Z.png
2019-01-31T20:02:18Z,https://storage.googleapis.com/openag-v1-images/EDU-30A77B2D-f4-5e-ab-64-50-92_Camera-Top_2019-01-31T20%3A02%3A18Z.png
2019-01-31T20:02:18Z,https://storage.googleapis.com/openag-v1-images/EDU-30A77B2D-f4-5e-ab-64-50-92_Camera-Top_2019-01-31T20%3A02%3A18Z.png
2019-01-31T20:02:18Z,https://storage.googleapis.com/openag-v1-images/EDU-30A77B2D-f4-5e-ab-64-50-92_Camera-Top_2019-01-31T20%3A02%3A18Z.png
2019-01-31T20:02:18Z,https://storage.googleapis.com/openag-v1-images/EDU-30A77B2D-f4-5e-ab-64-50-92_Camera-Top_2019-01-31T20%3A02%3A18Z.png
2019-01-31T20:02:20Z,https://storage.googleapis.com/openag-v1-images/EDU-30A77B2D-f4-5e-ab-64-50-92_Camera-Top_2019-01-31T20%3A02%3A20Z.png
2019-01-31T21:07:06Z,https://storage.googleapis.com/openag-v1-images/EDU-30A77B2D-f4-5e-ab-64-50-92_Camera-Top_2019-01-31T21%3A07%3A06Z.png
2019-01-31T22:07:11Z,https://storage.googleapis.com/openag-v1-images/EDU-30A77B2D-f4-5e-ab-64-50-92_Camera-Top_2019-01-31T22%3A07%3A11Z.png
2019-02-01T00:07:13Z,https://storage.googleapis.com/openag-v1-images/EDU-30A77B2D-f4-5e-ab-64-50-92_Camera-Top_2019-02-01T00%3A07%3A13Z.png
2019-02-01T01:07:27Z,https://storage.googleapis.com/openag-v1-images/EDU-30A77B2D-f4-5e-ab-64-50-92_Camera-Top_2019-02-01T01%3A07%3A27Z.png
2019-02-01T02:07:30Z,https://storage.googleapis.com/openag-v1-images/EDU-30A77B2D-f4-5e-ab-64-50-92_Camera-Top_2019-02-01T02%3A07%3A30Z.png
2019-02-01T03:07:40Z,https://storage.googleapis.com/openag-v1-images/EDU-30A77B2D-f4-5e-ab-64-50-92_Camera-Top_2019-02-01T03%3A07%3A40Z.png
2019-02-01T04:07:51Z,https://storage.googleapis.com/openag-v1-images/EDU-30A77B2D-f4-5e-ab-64-50-92_Camera-Top_2019-02-01T04%3A07%3A51Z.png
2019-02-01T05:07:57Z,https://storage.googleapis.com/openag-v1-images/EDU-30A77B2D-f4-5e-ab-64-50-92_Camera-Top_2019-02-01T05%3A07%3A57Z.png
2019-02-01T06:02:57Z,https://storage.googleapis.com/openag-v1-images/EDU-30A77B2D-f4-5e-ab-64-50-92_Camera-Top_2019-02-01T06%3A02%3A57Z.png
2019-02-01T21:07:12Z,https://storage.googleapis.com/openag-v1-images/EDU-30A77B2D-f4-5e-ab-64-50-92_Camera-Top_2019-02-01T21%3A07%3A12Z.png
2019-02-01T22:07:12Z,https://storage.googleapis.com/openag-v1-images/EDU-30A77B2D-f4-5e-ab-64-50-92_Camera-Top_2019-02-01T22%3A07%3A12Z.png
2019-02-01T23:07:24Z,https://storage.googleapis.com/openag-v1-images/EDU-30A77B2D-f4-5e-ab-64-50-92_Camera-Top_2019-02-01T23%3A07%3A24Z.png
2019-02-02T00:07:19Z,https://storage.googleapis.com/openag-v1-images/EDU-30A77B2D-f4-5e-ab-64-50-92_Camera-Top_2019-02-02T00%3A07%3A19Z.png
2019-02-02T10:02:04Z,https://storage.googleapis.com/openag-v1-images/EDU-30A77B2D-f4-5e-ab-64-50-92_Camera-Top_2019-02-02T10%3A02%3A04Z.png
2019-02-02T10:02:04Z,https://storage.googleapis.com/openag-v1-images/EDU-30A77B2D-f4-5e-ab-64-50-92_Camera-Top_2019-02-02T10%3A02%3A04Z.png
2019-02-02T10:02:09Z,https://storage.googleapis.com/openag-v1-images/EDU-30A77B2D-f4-5e-ab-64-50-92_Camera-Top_2019-02-02T10%3A02%3A09Z.png
2019-02-02T10:02:09Z,https://storage.googleapis.com/openag-v1-images/EDU-30A77B2D-f4-5e-ab-64-50-92_Camera-Top_2019-02-02T10%3A02%3A09Z.png
2019-02-02T10:02:10Z,https://storage.googleapis.com/openag-v1-images/EDU-30A77B2D-f4-5e-ab-64-50-92_Camera-Top_2019-02-02T10%3A02%3A10Z.png
2019-02-02T10:02:10Z,https://storage.googleapis.com/openag-v1-images/EDU-30A77B2D-f4-5e-ab-64-50-92_Camera-Top_2019-02-02T10%3A02%3A10Z.png
2019-02-02T13:06:58Z,https://storage.googleapis.com/openag-v1-images/EDU-30A77B2D-f4-5e-ab-64-50-92_Camera-Top_2019-02-02T13%3A06%3A58Z.png
2019-02-02T14:07:13Z,https://storage.googleapis.com/openag-v1-images/EDU-30A77B2D-f4-5e-ab-64-50-92_Camera-Top_2019-02-02T14%3A07%3A13Z.png
2019-02-02T15:07:20Z,https://storage.googleapis.com/openag-v1-images/EDU-30A77B2D-f4-5e-ab-64-50-92_Camera-Top_2019-02-02T15%3A07%3A20Z.png
2019-02-02T16:07:21Z,https://storage.googleapis.com/openag-v1-images/EDU-30A77B2D-f4-5e-ab-64-50-92_Camera-Top_2019-02-02T16%3A07%3A21Z.png
2019-02-02T17:07:31Z,https://storage.googleapis.com/openag-v1-images/EDU-30A77B2D-f4-5e-ab-64-50-92_Camera-Top_2019-02-02T17%3A07%3A31Z.png
2019-02-02T18:07:38Z,https://storage.googleapis.com/openag-v1-images/EDU-30A77B2D-f4-5e-ab-64-50-92_Camera-Top_2019-02-02T18%3A07%3A38Z.png
2019-02-02T19:07:42Z,https://storage.googleapis.com/openag-v1-images/EDU-30A77B2D-f4-5e-ab-64-50-92_Camera-Top_2019-02-02T19%3A07%3A42Z.png
2019-02-02T21:07:10Z,https://storage.googleapis.com/openag-v1-images/EDU-30A77B2D-f4-5e-ab-64-50-92_Camera-Top_2019-02-02T21%3A07%3A10Z.png
2019-02-03T13:07:15Z,https://storage.googleapis.com/openag-v1-images/EDU-30A77B2D-f4-5e-ab-64-50-92_Camera-Top_2019-02-03T13%3A07%3A15Z.png
2019-02-03T14:07:19Z,https://storage.googleapis.com/openag-v1-images/EDU-30A77B2D-f4-5e-ab-64-50-92_Camera-Top_2019-02-03T14%3A07%3A19Z.png
2019-02-03T15:07:31Z,https://storage.googleapis.com/openag-v1-images/EDU-30A77B2D-f4-5e-ab-64-50-92_Camera-Top_2019-02-03T15%3A07%3A31Z.png
2019-02-03T16:07:40Z,https://storage.googleapis.com/openag-v1-images/EDU-30A77B2D-f4-5e-ab-64-50-92_Camera-Top_2019-02-03T16%3A07%3A40Z.png
2019-02-03T18:07:57Z,https://storage.googleapis.com/openag-v1-images/EDU-30A77B2D-f4-5e-ab-64-50-92_Camera-Top_2019-02-03T18%3A07%3A57Z.png
2019-02-03T19:07:58Z,https://storage.googleapis.com/openag-v1-images/EDU-30A77B2D-f4-5e-ab-64-50-92_Camera-Top_2019-02-03T19%3A07%3A58Z.png
2019-02-03T21:07:10Z,https://storage.googleapis.com/openag-v1-images/EDU-30A77B2D-f4-5e-ab-64-50-92_Camera-Top_2019-02-03T21%3A07%3A10Z.png
2019-02-03T22:07:11Z,https://storage.googleapis.com/openag-v1-images/EDU-30A77B2D-f4-5e-ab-64-50-92_Camera-Top_2019-02-03T22%3A07%3A11Z.png
2019-02-03T23:07:17Z,https://storage.googleapis.com/openag-v1-images/EDU-30A77B2D-f4-5e-ab-64-50-92_Camera-Top_2019-02-03T23%3A07%3A17Z.png
2019-02-04T00:07:24Z,https://storage.googleapis.com/openag-v1-images/EDU-30A77B2D-f4-5e-ab-64-50-92_Camera-Top_2019-02-04T00%3A07%3A24Z.png
2019-02-04T01:07:33Z,https://storage.googleapis.com/openag-v1-images/EDU-30A77B2D-f4-5e-ab-64-50-92_Camera-Top_2019-02-04T01%3A07%3A33Z.png
2019-02-04T02:07:43Z,https://storage.googleapis.com/openag-v1-images/EDU-30A77B2D-f4-5e-ab-64-50-92_Camera-Top_2019-02-04T02%3A07%3A43Z.png
2019-02-04T03:07:53Z,https://storage.googleapis.com/openag-v1-images/EDU-30A77B2D-f4-5e-ab-64-50-92_Camera-Top_2019-02-04T03%3A07%3A53Z.png
2019-02-04T04:07:49Z,https://storage.googleapis.com/openag-v1-images/EDU-30A77B2D-f4-5e-ab-64-50-92_Camera-Top_2019-02-04T04%3A07%3A49Z.png
2019-02-04T05:08:00Z,https://storage.googleapis.com/openag-v1-images/EDU-30A77B2D-f4-5e-ab-64-50-92_Camera-Top_2019-02-04T05%3A08%3A00Z.png
2019-02-04T06:08:06Z,https://storage.googleapis.com/openag-v1-images/EDU-30A77B2D-f4-5e-ab-64-50-92_Camera-Top_2019-02-04T06%3A08%3A06Z.png
2019-02-04T12:07:12Z,https://storage.googleapis.com/openag-v1-images/EDU-30A77B2D-f4-5e-ab-64-50-92_Camera-Top_2019-02-04T12%3A07%3A12Z.png
2019-02-04T13:07:15Z,https://storage.googleapis.com/openag-v1-images/EDU-30A77B2D-f4-5e-ab-64-50-92_Camera-Top_2019-02-04T13%3A07%3A15Z.png
2019-02-04T14:07:24Z,https://storage.googleapis.com/openag-v1-images/EDU-30A77B2D-f4-5e-ab-64-50-92_Camera-Top_2019-02-04T14%3A07%3A24Z.png
2019-02-04T15:07:27Z,https://storage.googleapis.com/openag-v1-images/EDU-30A77B2D-f4-5e-ab-64-50-92_Camera-Top_2019-02-04T15%3A07%3A27Z.png
2019-02-04T20:02:04Z,https://storage.googleapis.com/openag-v1-images/EDU-30A77B2D-f4-5e-ab-64-50-92_Camera-Top_2019-02-04T20%3A02%3A04Z.png
2019-02-04T20:02:04Z,https://storage.googleapis.com/openag-v1-images/EDU-30A77B2D-f4-5e-ab-64-50-92_Camera-Top_2019-02-04T20%3A02%3A04Z.png
2019-02-04T21:18:27Z,https://storage.googleapis.com/openag-v1-images/EDU-30A77B2D-f4-5e-ab-64-50-92_Camera-Top_2019-02-04T21%3A18%3A27Z.png
2019-02-04T22:18:36Z,https://storage.googleapis.com/openag-v1-images/EDU-30A77B2D-f4-5e-ab-64-50-92_Camera-Top_2019-02-04T22%3A18%3A36Z.png
2019-02-05T00:25:03Z,https://storage.googleapis.com/openag-v1-images/EDU-30A77B2D-f4-5e-ab-64-50-92_Camera-Top_2019-02-05T00%3A25%3A03Z.png
2019-02-05T01:25:06Z,https://storage.googleapis.com/openag-v1-images/EDU-30A77B2D-f4-5e-ab-64-50-92_Camera-Top_2019-02-05T01%3A25%3A06Z.png
2019-02-05T02:25:11Z,https://storage.googleapis.com/openag-v1-images/EDU-30A77B2D-f4-5e-ab-64-50-92_Camera-Top_2019-02-05T02%3A25%3A11Z.png
2019-02-05T02:25:11Z,https://storage.googleapis.com/openag-v1-images/EDU-30A77B2D-f4-5e-ab-64-50-92_Camera-Top_2019-02-05T02%3A25%3A11Z.png
2019-02-05T03:25:14Z,https://storage.googleapis.com/openag-v1-images/EDU-30A77B2D-f4-5e-ab-64-50-92_Camera-Top_2019-02-05T03%3A25%3A14Z.png
2019-02-05T04:25:18Z,https://storage.googleapis.com/openag-v1-images/EDU-30A77B2D-f4-5e-ab-64-50-92_Camera-Top_2019-02-05T04%3A25%3A18Z.png
2019-02-05T05:25:27Z,https://storage.googleapis.com/openag-v1-images/EDU-30A77B2D-f4-5e-ab-64-50-92_Camera-Top_2019-02-05T05%3A25%3A27Z.png
2019-02-05T06:25:33Z,https://storage.googleapis.com/openag-v1-images/EDU-30A77B2D-f4-5e-ab-64-50-92_Camera-Top_2019-02-05T06%3A25%3A33Z.png
2019-02-05T07:20:38Z,https://storage.googleapis.com/openag-v1-images/EDU-30A77B2D-f4-5e-ab-64-50-92_Camera-Top_2019-02-05T07%3A20%3A38Z.png
2019-02-05T08:20:42Z,https://storage.googleapis.com/openag-v1-images/EDU-30A77B2D-f4-5e-ab-64-50-92_Camera-Top_2019-02-05T08%3A20%3A42Z.png
2019-02-05T09:20:47Z,https://storage.googleapis.com/openag-v1-images/EDU-30A77B2D-f4-5e-ab-64-50-92_Camera-Top_2019-02-05T09%3A20%3A47Z.png
2019-02-05T11:06:59Z,https://storage.googleapis.com/openag-v1-images/EDU-30A77B2D-f4-5e-ab-64-50-92_Camera-Top_2019-02-05T11%3A06%3A59Z.png
2019-02-05T12:07:09Z,https://storage.googleapis.com/openag-v1-images/EDU-30A77B2D-f4-5e-ab-64-50-92_Camera-Top_2019-02-05T12%3A07%3A09Z.png
2019-02-05T13:07:13Z,https://storage.googleapis.com/openag-v1-images/EDU-30A77B2D-f4-5e-ab-64-50-92_Camera-Top_2019-02-05T13%3A07%3A13Z.png
2019-02-05T14:07:14Z,https://storage.googleapis.com/openag-v1-images/EDU-30A77B2D-f4-5e-ab-64-50-92_Camera-Top_2019-02-05T14%3A07%3A14Z.png
2019-02-05T15:07:14Z,https://storage.googleapis.com/openag-v1-images/EDU-30A77B2D-f4-5e-ab-64-50-92_Camera-Top_2019-02-05T15%3A07%3A14Z.png
2019-02-05T18:19:44Z,https://storage.googleapis.com/openag-v1-images/EDU-30A77B2D-f4-5e-ab-64-50-92_Camera-Top_2019-02-05T18%3A19%3A44Z.png
2019-02-05T19:19:50Z,https://storage.googleapis.com/openag-v1-images/EDU-30A77B2D-f4-5e-ab-64-50-92_Camera-Top_2019-02-05T19%3A19%3A50Z.png
2019-02-05T19:19:50Z,https://storage.googleapis.com/openag-v1-images/EDU-30A77B2D-f4-5e-ab-64-50-92_Camera-Top_2019-02-05T19%3A19%3A50Z.png
2019-02-05T21:07:38Z,https://storage.googleapis.com/openag-v1-images/EDU-30A77B2D-f4-5e-ab-64-50-92_Camera-Top_2019-02-05T21%3A07%3A38Z.png
2019-02-05T22:07:15Z,https://storage.googleapis.com/openag-v1-images/EDU-30A77B2D-f4-5e-ab-64-50-92_Camera-Top_2019-02-05T22%3A07%3A15Z.png
2019-02-06T10:02:10Z,https://storage.googleapis.com/openag-v1-images/EDU-30A77B2D-f4-5e-ab-64-50-92_Camera-Top_2019-02-06T10%3A02%3A10Z.png
2019-02-06T10:02:10Z,https://storage.googleapis.com/openag-v1-images/EDU-30A77B2D-f4-5e-ab-64-50-92_Camera-Top_2019-02-06T10%3A02%3A10Z.png
2019-02-06T10:02:11Z,https://storage.googleapis.com/openag-v1-images/EDU-30A77B2D-f4-5e-ab-64-50-92_Camera-Top_2019-02-06T10%3A02%3A11Z.png
2019-02-06T22:42:31Z,https://storage.googleapis.com/openag-v1-images/EDU-30A77B2D-f4-5e-ab-64-50-92_Camera-Top_2019-02-06T22%3A42%3A31Z.png
2019-02-06T23:47:18Z,https://storage.googleapis.com/openag-v1-images/EDU-30A77B2D-f4-5e-ab-64-50-92_Camera-Top_2019-02-06T23%3A47%3A18Z.png
2019-02-07T00:47:21Z,https://storage.googleapis.com/openag-v1-images/EDU-30A77B2D-f4-5e-ab-64-50-92_Camera-Top_2019-02-07T00%3A47%3A21Z.png
2019-02-07T02:47:37Z,https://storage.googleapis.com/openag-v1-images/EDU-30A77B2D-f4-5e-ab-64-50-92_Camera-Top_2019-02-07T02%3A47%3A37Z.png
2019-02-07T03:47:50Z,https://storage.googleapis.com/openag-v1-images/EDU-30A77B2D-f4-5e-ab-64-50-92_Camera-Top_2019-02-07T03%3A47%3A50Z.png
2019-02-07T04:47:55Z,https://storage.googleapis.com/openag-v1-images/EDU-30A77B2D-f4-5e-ab-64-50-92_Camera-Top_2019-02-07T04%3A47%3A55Z.png
2019-02-07T05:48:06Z,https://storage.googleapis.com/openag-v1-images/EDU-30A77B2D-f4-5e-ab-64-50-92_Camera-Top_2019-02-07T05%3A48%3A06Z.png
2019-02-07T21:07:01Z,https://storage.googleapis.com/openag-v1-images/EDU-30A77B2D-f4-5e-ab-64-50-92_Camera-Top_2019-02-07T21%3A07%3A01Z.png
2019-02-07T23:07:14Z,https://storage.googleapis.com/openag-v1-images/EDU-30A77B2D-f4-5e-ab-64-50-92_Camera-Top_2019-02-07T23%3A07%3A14Z.png
2019-02-08T00:07:17Z,https://storage.googleapis.com/openag-v1-images/EDU-30A77B2D-f4-5e-ab-64-50-92_Camera-Top_2019-02-08T00%3A07%3A17Z.png
2019-02-08T01:07:28Z,https://storage.googleapis.com/openag-v1-images/EDU-30A77B2D-f4-5e-ab-64-50-92_Camera-Top_2019-02-08T01%3A07%3A28Z.png
2019-02-08T02:07:35Z,https://storage.googleapis.com/openag-v1-images/EDU-30A77B2D-f4-5e-ab-64-50-92_Camera-Top_2019-02-08T02%3A07%3A35Z.png
2019-02-08T03:07:38Z,https://storage.googleapis.com/openag-v1-images/EDU-30A77B2D-f4-5e-ab-64-50-92_Camera-Top_2019-02-08T03%3A07%3A38Z.png
2019-02-08T03:07:39Z,https://storage.googleapis.com/openag-v1-images/EDU-30A77B2D-f4-5e-ab-64-50-92_Camera-Top_2019-02-08T03%3A07%3A39Z.png
2019-02-08T04:07:48Z,https://storage.googleapis.com/openag-v1-images/EDU-30A77B2D-f4-5e-ab-64-50-92_Camera-Top_2019-02-08T04%3A07%3A48Z.png
2019-02-08T05:07:54Z,https://storage.googleapis.com/openag-v1-images/EDU-30A77B2D-f4-5e-ab-64-50-92_Camera-Top_2019-02-08T05%3A07%3A54Z.png
2019-02-08T06:08:10Z,https://storage.googleapis.com/openag-v1-images/EDU-30A77B2D-f4-5e-ab-64-50-92_Camera-Top_2019-02-08T06%3A08%3A10Z.png
2019-02-08T21:07:06Z,https://storage.googleapis.com/openag-v1-images/EDU-30A77B2D-f4-5e-ab-64-50-92_Camera-Top_2019-02-08T21%3A07%3A06Z.png
2019-02-08T22:07:09Z,https://storage.googleapis.com/openag-v1-images/EDU-30A77B2D-f4-5e-ab-64-50-92_Camera-Top_2019-02-08T22%3A07%3A09Z.png
2019-02-09T00:07:19Z,https://storage.googleapis.com/openag-v1-images/EDU-30A77B2D-f4-5e-ab-64-50-92_Camera-Top_2019-02-09T00%3A07%3A19Z.png
2019-02-09T01:07:18Z,https://storage.googleapis.com/openag-v1-images/EDU-30A77B2D-f4-5e-ab-64-50-92_Camera-Top_2019-02-09T01%3A07%3A18Z.png
2019-02-09T02:07:28Z,https://storage.googleapis.com/openag-v1-images/EDU-30A77B2D-f4-5e-ab-64-50-92_Camera-Top_2019-02-09T02%3A07%3A28Z.png
2019-02-09T03:07:43Z,https://storage.googleapis.com/openag-v1-images/EDU-30A77B2D-f4-5e-ab-64-50-92_Camera-Top_2019-02-09T03%3A07%3A43Z.png
2019-02-09T04:07:48Z,https://storage.googleapis.com/openag-v1-images/EDU-30A77B2D-f4-5e-ab-64-50-92_Camera-Top_2019-02-09T04%3A07%3A48Z.png
2019-02-09T05:07:56Z,https://storage.googleapis.com/openag-v1-images/EDU-30A77B2D-f4-5e-ab-64-50-92_Camera-Top_2019-02-09T05%3A07%3A56Z.png
2019-02-09T06:07:59Z,https://storage.googleapis.com/openag-v1-images/EDU-30A77B2D-f4-5e-ab-64-50-92_Camera-Top_2019-02-09T06%3A07%3A59Z.png
2019-02-09T07:03:10Z,https://storage.googleapis.com/openag-v1-images/EDU-30A77B2D-f4-5e-ab-64-50-92_Camera-Top_2019-02-09T07%3A03%3A10Z.png
2019-02-09T09:03:23Z,https://storage.googleapis.com/openag-v1-images/EDU-30A77B2D-f4-5e-ab-64-50-92_Camera-Top_2019-02-09T09%3A03%3A23Z.png
2019-02-09T21:06:56Z,https://storage.googleapis.com/openag-v1-images/EDU-30A77B2D-f4-5e-ab-64-50-92_Camera-Top_2019-02-09T21%3A06%3A56Z.png
2019-02-09T22:07:04Z,https://storage.googleapis.com/openag-v1-images/EDU-30A77B2D-f4-5e-ab-64-50-92_Camera-Top_2019-02-09T22%3A07%3A04Z.png
2019-02-09T23:07:02Z,https://storage.googleapis.com/openag-v1-images/EDU-30A77B2D-f4-5e-ab-64-50-92_Camera-Top_2019-02-09T23%3A07%3A02Z.png
2019-02-10T00:07:07Z,https://storage.googleapis.com/openag-v1-images/EDU-30A77B2D-f4-5e-ab-64-50-92_Camera-Top_2019-02-10T00%3A07%3A07Z.png
2019-02-10T01:07:16Z,https://storage.googleapis.com/openag-v1-images/EDU-30A77B2D-f4-5e-ab-64-50-92_Camera-Top_2019-02-10T01%3A07%3A16Z.png
2019-02-10T02:07:36Z,https://storage.googleapis.com/openag-v1-images/EDU-30A77B2D-f4-5e-ab-64-50-92_Camera-Top_2019-02-10T02%3A07%3A36Z.png
2019-02-10T03:07:59Z,https://storage.googleapis.com/openag-v1-images/EDU-30A77B2D-f4-5e-ab-64-50-92_Camera-Top_2019-02-10T03%3A07%3A59Z.png
2019-02-10T04:07:42Z,https://storage.googleapis.com/openag-v1-images/EDU-30A77B2D-f4-5e-ab-64-50-92_Camera-Top_2019-02-10T04%3A07%3A42Z.png
2019-02-10T05:07:47Z,https://storage.googleapis.com/openag-v1-images/EDU-30A77B2D-f4-5e-ab-64-50-92_Camera-Top_2019-02-10T05%3A07%3A47Z.png
2019-02-10T06:07:52Z,https://storage.googleapis.com/openag-v1-images/EDU-30A77B2D-f4-5e-ab-64-50-92_Camera-Top_2019-02-10T06%3A07%3A52Z.png
2019-02-10T06:07:52Z,https://storage.googleapis.com/openag-v1-images/EDU-30A77B2D-f4-5e-ab-64-50-92_Camera-Top_2019-02-10T06%3A07%3A52Z.png
2019-02-10T07:03:02Z,https://storage.googleapis.com/openag-v1-images/EDU-30A77B2D-f4-5e-ab-64-50-92_Camera-Top_2019-02-10T07%3A03%3A02Z.png
2019-02-10T08:03:06Z,https://storage.googleapis.com/openag-v1-images/EDU-30A77B2D-f4-5e-ab-64-50-92_Camera-Top_2019-02-10T08%3A03%3A06Z.png
2019-02-10T08:03:06Z,https://storage.googleapis.com/openag-v1-images/EDU-30A77B2D-f4-5e-ab-64-50-92_Camera-Top_2019-02-10T08%3A03%3A06Z.png
2019-02-10T09:03:22Z,https://storage.googleapis.com/openag-v1-images/EDU-30A77B2D-f4-5e-ab-64-50-92_Camera-Top_2019-02-10T09%3A03%3A22Z.png
2019-02-10T21:07:05Z,https://storage.googleapis.com/openag-v1-images/EDU-30A77B2D-f4-5e-ab-64-50-92_Camera-Top_2019-02-10T21%3A07%3A05Z.png
2019-02-10T22:07:01Z,https://storage.googleapis.com/openag-v1-images/EDU-30A77B2D-f4-5e-ab-64-50-92_Camera-Top_2019-02-10T22%3A07%3A01Z.png
2019-02-10T23:07:14Z,https://storage.googleapis.com/openag-v1-images/EDU-30A77B2D-f4-5e-ab-64-50-92_Camera-Top_2019-02-10T23%3A07%3A14Z.png
2019-02-11T00:07:28Z,https://storage.googleapis.com/openag-v1-images/EDU-30A77B2D-f4-5e-ab-64-50-92_Camera-Top_2019-02-11T00%3A07%3A28Z.png
2019-02-11T10:01:59Z,https://storage.googleapis.com/openag-v1-images/EDU-30A77B2D-f4-5e-ab-64-50-92_Camera-Top_2019-02-11T10%3A01%3A59Z.png
2019-02-11T10:02:05Z,https://storage.googleapis.com/openag-v1-images/EDU-30A77B2D-f4-5e-ab-64-50-92_Camera-Top_2019-02-11T10%3A02%3A05Z.png
2019-02-11T10:02:08Z,https://storage.googleapis.com/openag-v1-images/EDU-30A77B2D-f4-5e-ab-64-50-92_Camera-Top_2019-02-11T10%3A02%3A08Z.png
2019-02-11T10:02:11Z,https://storage.googleapis.com/openag-v1-images/EDU-30A77B2D-f4-5e-ab-64-50-92_Camera-Top_2019-02-11T10%3A02%3A11Z.png
2019-02-11T12:07:15Z,https://storage.googleapis.com/openag-v1-images/EDU-30A77B2D-f4-5e-ab-64-50-92_Camera-Top_2019-02-11T12%3A07%3A15Z.png
2019-02-11T13:07:16Z,https://storage.googleapis.com/openag-v1-images/EDU-30A77B2D-f4-5e-ab-64-50-92_Camera-Top_2019-02-11T13%3A07%3A16Z.png
2019-02-11T14:07:23Z,https://storage.googleapis.com/openag-v1-images/EDU-30A77B2D-f4-5e-ab-64-50-92_Camera-Top_2019-02-11T14%3A07%3A23Z.png
2019-02-11T16:06:08Z,https://storage.googleapis.com/openag-v1-images/EDU-30A77B2D-f4-5e-ab-64-50-92_Camera-Top_2019-02-11T16%3A06%3A08Z.png
2019-02-11T21:07:02Z,https://storage.googleapis.com/openag-v1-images/EDU-30A77B2D-f4-5e-ab-64-50-92_Camera-Top_2019-02-11T21%3A07%3A02Z.png
2019-02-11T22:07:13Z,https://storage.googleapis.com/openag-v1-images/EDU-30A77B2D-f4-5e-ab-64-50-92_Camera-Top_2019-02-11T22%3A07%3A13Z.png
2019-02-11T23:07:19Z,https://storage.googleapis.com/openag-v1-images/EDU-30A77B2D-f4-5e-ab-64-50-92_Camera-Top_2019-02-11T23%3A07%3A19Z.png
2019-02-12T00:07:29Z,https://storage.googleapis.com/openag-v1-images/EDU-30A77B2D-f4-5e-ab-64-50-92_Camera-Top_2019-02-12T00%3A07%3A29Z.png
2019-02-12T02:07:37Z,https://storage.googleapis.com/openag-v1-images/EDU-30A77B2D-f4-5e-ab-64-50-92_Camera-Top_2019-02-12T02%3A07%3A37Z.png
2019-02-12T03:07:45Z,https://storage.googleapis.com/openag-v1-images/EDU-30A77B2D-f4-5e-ab-64-50-92_Camera-Top_2019-02-12T03%3A07%3A45Z.png
2019-02-12T04:07:56Z,https://storage.googleapis.com/openag-v1-images/EDU-30A77B2D-f4-5e-ab-64-50-92_Camera-Top_2019-02-12T04%3A07%3A56Z.png
2019-02-12T05:08:03Z,https://storage.googleapis.com/openag-v1-images/EDU-30A77B2D-f4-5e-ab-64-50-92_Camera-Top_2019-02-12T05%3A08%3A03Z.png
2019-02-12T06:08:12Z,https://storage.googleapis.com/openag-v1-images/EDU-30A77B2D-f4-5e-ab-64-50-92_Camera-Top_2019-02-12T06%3A08%3A12Z.png
2019-02-12T07:08:17Z,https://storage.googleapis.com/openag-v1-images/EDU-30A77B2D-f4-5e-ab-64-50-92_Camera-Top_2019-02-12T07%3A08%3A17Z.png
2019-02-12T08:08:24Z,https://storage.googleapis.com/openag-v1-images/EDU-30A77B2D-f4-5e-ab-64-50-92_Camera-Top_2019-02-12T08%3A08%3A24Z.png
2019-02-12T09:08:31Z,https://storage.googleapis.com/openag-v1-images/EDU-30A77B2D-f4-5e-ab-64-50-92_Camera-Top_2019-02-12T09%3A08%3A31Z.png
2019-02-12T21:06:56Z,https://storage.googleapis.com/openag-v1-images/EDU-30A77B2D-f4-5e-ab-64-50-92_Camera-Top_2019-02-12T21%3A06%3A56Z.png
2019-02-12T22:07:12Z,https://storage.googleapis.com/openag-v1-images/EDU-30A77B2D-f4-5e-ab-64-50-92_Camera-Top_2019-02-12T22%3A07%3A12Z.png
2019-02-12T23:07:12Z,https://storage.googleapis.com/openag-v1-images/EDU-30A77B2D-f4-5e-ab-64-50-92_Camera-Top_2019-02-12T23%3A07%3A12Z.png
2019-02-13T00:07:16Z,https://storage.googleapis.com/openag-v1-images/EDU-30A77B2D-f4-5e-ab-64-50-92_Camera-Top_2019-02-13T00%3A07%3A16Z.png
2019-02-13T01:07:13Z,https://storage.googleapis.com/openag-v1-images/EDU-30A77B2D-f4-5e-ab-64-50-92_Camera-Top_2019-02-13T01%3A07%3A13Z.png
2019-02-13T02:07:23Z,https://storage.googleapis.com/openag-v1-images/EDU-30A77B2D-f4-5e-ab-64-50-92_Camera-Top_2019-02-13T02%3A07%3A23Z.png
2019-02-13T03:07:27Z,https://storage.googleapis.com/openag-v1-images/EDU-30A77B2D-f4-5e-ab-64-50-92_Camera-Top_2019-02-13T03%3A07%3A27Z.png
2019-02-13T03:07:27Z,https://storage.googleapis.com/openag-v1-images/EDU-30A77B2D-f4-5e-ab-64-50-92_Camera-Top_2019-02-13T03%3A07%3A27Z.png
2019-02-13T04:07:40Z,https://storage.googleapis.com/openag-v1-images/EDU-30A77B2D-f4-5e-ab-64-50-92_Camera-Top_2019-02-13T04%3A07%3A40Z.png
2019-02-13T05:07:44Z,https://storage.googleapis.com/openag-v1-images/EDU-30A77B2D-f4-5e-ab-64-50-92_Camera-Top_2019-02-13T05%3A07%3A44Z.png
2019-02-13T07:07:58Z,https://storage.googleapis.com/openag-v1-images/EDU-30A77B2D-f4-5e-ab-64-50-92_Camera-Top_2019-02-13T07%3A07%3A58Z.png
2019-02-13T08:08:06Z,https://storage.googleapis.com/openag-v1-images/EDU-30A77B2D-f4-5e-ab-64-50-92_Camera-Top_2019-02-13T08%3A08%3A06Z.png
2019-02-13T08:08:06Z,https://storage.googleapis.com/openag-v1-images/EDU-30A77B2D-f4-5e-ab-64-50-92_Camera-Top_2019-02-13T08%3A08%3A06Z.png
2019-02-13T09:08:10Z,https://storage.googleapis.com/openag-v1-images/EDU-30A77B2D-f4-5e-ab-64-50-92_Camera-Top_2019-02-13T09%3A08%3A10Z.png
2019-02-13T11:06:58Z,https://storage.googleapis.com/openag-v1-images/EDU-30A77B2D-f4-5e-ab-64-50-92_Camera-Top_2019-02-13T11%3A06%3A58Z.png
2019-02-13T12:07:03Z,https://storage.googleapis.com/openag-v1-images/EDU-30A77B2D-f4-5e-ab-64-50-92_Camera-Top_2019-02-13T12%3A07%3A03Z.png
2019-02-13T13:07:16Z,https://storage.googleapis.com/openag-v1-images/EDU-30A77B2D-f4-5e-ab-64-50-92_Camera-Top_2019-02-13T13%3A07%3A16Z.png
2019-02-13T14:07:12Z,https://storage.googleapis.com/openag-v1-images/EDU-30A77B2D-f4-5e-ab-64-50-92_Camera-Top_2019-02-13T14%3A07%3A12Z.png
2019-02-13T15:07:26Z,https://storage.googleapis.com/openag-v1-images/EDU-30A77B2D-f4-5e-ab-64-50-92_Camera-Top_2019-02-13T15%3A07%3A26Z.png
2019-02-13T16:07:21Z,https://storage.googleapis.com/openag-v1-images/EDU-30A77B2D-f4-5e-ab-64-50-92_Camera-Top_2019-02-13T16%3A07%3A21Z.png
2019-02-13T17:07:36Z,https://storage.googleapis.com/openag-v1-images/EDU-30A77B2D-f4-5e-ab-64-50-92_Camera-Top_2019-02-13T17%3A07%3A36Z.png
2019-02-13T18:07:40Z,https://storage.googleapis.com/openag-v1-images/EDU-30A77B2D-f4-5e-ab-64-50-92_Camera-Top_2019-02-13T18%3A07%3A40Z.png
2019-02-13T19:09:20Z,https://storage.googleapis.com/openag-v1-images/EDU-30A77B2D-f4-5e-ab-64-50-92_Camera-Top_2019-02-13T19%3A09%3A20Z.png
2019-02-13T21:06:59Z,https://storage.googleapis.com/openag-v1-images/EDU-30A77B2D-f4-5e-ab-64-50-92_Camera-Top_2019-02-13T21%3A06%3A59Z.png
2019-02-13T22:06:56Z,https://storage.googleapis.com/openag-v1-images/EDU-30A77B2D-f4-5e-ab-64-50-92_Camera-Top_2019-02-13T22%3A06%3A56Z.png
2019-02-13T23:07:09Z,https://storage.googleapis.com/openag-v1-images/EDU-30A77B2D-f4-5e-ab-64-50-92_Camera-Top_2019-02-13T23%3A07%3A09Z.png
2019-02-14T00:08:11Z,https://storage.googleapis.com/openag-v1-images/EDU-30A77B2D-f4-5e-ab-64-50-92_Camera-Top_2019-02-14T00%3A08%3A11Z.png
2019-02-14T00:08:13Z,https://storage.googleapis.com/openag-v1-images/EDU-30A77B2D-f4-5e-ab-64-50-92_Camera-Top_2019-02-14T00%3A08%3A13Z.png
2019-02-14T00:08:14Z,https://storage.googleapis.com/openag-v1-images/EDU-30A77B2D-f4-5e-ab-64-50-92_Camera-Top_2019-02-14T00%3A08%3A14Z.png
2019-02-14T00:08:15Z,https://storage.googleapis.com/openag-v1-images/EDU-30A77B2D-f4-5e-ab-64-50-92_Camera-Top_2019-02-14T00%3A08%3A15Z.png
2019-02-14T01:07:19Z,https://storage.googleapis.com/openag-v1-images/EDU-30A77B2D-f4-5e-ab-64-50-92_Camera-Top_2019-02-14T01%3A07%3A19Z.png
2019-02-14T02:07:23Z,https://storage.googleapis.com/openag-v1-images/EDU-30A77B2D-f4-5e-ab-64-50-92_Camera-Top_2019-02-14T02%3A07%3A23Z.png
2019-02-14T04:07:25Z,https://storage.googleapis.com/openag-v1-images/EDU-30A77B2D-f4-5e-ab-64-50-92_Camera-Top_2019-02-14T04%3A07%3A25Z.png
2019-02-14T05:07:32Z,https://storage.googleapis.com/openag-v1-images/EDU-30A77B2D-f4-5e-ab-64-50-92_Camera-Top_2019-02-14T05%3A07%3A32Z.png
2019-02-14T06:07:40Z,https://storage.googleapis.com/openag-v1-images/EDU-30A77B2D-f4-5e-ab-64-50-92_Camera-Top_2019-02-14T06%3A07%3A40Z.png
2019-02-14T07:07:47Z,https://storage.googleapis.com/openag-v1-images/EDU-30A77B2D-f4-5e-ab-64-50-92_Camera-Top_2019-02-14T07%3A07%3A47Z.png
2019-02-14T08:07:54Z,https://storage.googleapis.com/openag-v1-images/EDU-30A77B2D-f4-5e-ab-64-50-92_Camera-Top_2019-02-14T08%3A07%3A54Z.png
2019-02-14T11:06:49Z,https://storage.googleapis.com/openag-v1-images/EDU-30A77B2D-f4-5e-ab-64-50-92_Camera-Top_2019-02-14T11%3A06%3A49Z.png
2019-02-14T11:06:49Z,https://storage.googleapis.com/openag-v1-images/EDU-30A77B2D-f4-5e-ab-64-50-92_Camera-Top_2019-02-14T11%3A06%3A49Z.png
2019-02-14T12:06:53Z,https://storage.googleapis.com/openag-v1-images/EDU-30A77B2D-f4-5e-ab-64-50-92_Camera-Top_2019-02-14T12%3A06%3A53Z.png
2019-02-14T13:07:04Z,https://storage.googleapis.com/openag-v1-images/EDU-30A77B2D-f4-5e-ab-64-50-92_Camera-Top_2019-02-14T13%3A07%3A04Z.png
2019-02-14T15:07:08Z,https://storage.googleapis.com/openag-v1-images/EDU-30A77B2D-f4-5e-ab-64-50-92_Camera-Top_2019-02-14T15%3A07%3A08Z.png
2019-02-14T16:07:16Z,https://storage.googleapis.com/openag-v1-images/EDU-30A77B2D-f4-5e-ab-64-50-92_Camera-Top_2019-02-14T16%3A07%3A16Z.png
2019-02-14T17:07:24Z,https://storage.googleapis.com/openag-v1-images/EDU-30A77B2D-f4-5e-ab-64-50-92_Camera-Top_2019-02-14T17%3A07%3A24Z.png
2019-02-14T19:07:42Z,https://storage.googleapis.com/openag-v1-images/EDU-30A77B2D-f4-5e-ab-64-50-92_Camera-Top_2019-02-14T19%3A07%3A42Z.png
2019-02-14T23:05:47Z,https://storage.googleapis.com/openag-v1-images/EDU-30A77B2D-f4-5e-ab-64-50-92_Camera-Top_2019-02-14T23%3A05%3A47Z.png
